timestamp,total,type label,subtype label,modifier
00:00:00.000,00:33:32.043,B,,False
00:00:02.001,00:33:32.043,B,,False
00:00:04.003,00:33:32.043,B,,False
00:00:06.006,00:33:32.043,B,,False
00:00:08.007,00:33:32.043,B,,False
00:00:10.010,00:33:32.043,B,,False
00:00:12.012,00:33:32.043,B,,False
00:00:14.014,00:33:32.043,B,,False
00:00:16.015,00:33:32.043,B,,False
00:00:18.018,00:33:32.043,B,,False
00:00:20.020,00:33:32.043,B,,False
00:00:22.022,00:33:32.043,B,,False
00:00:24.024,00:33:32.043,B,,False
00:00:26.026,00:33:32.043,B,,False
00:00:28.028,00:33:32.043,B,,False
00:00:30.030,00:33:32.043,B,,False
00:00:32.031,00:33:32.043,B,,False
00:00:34.000,00:33:32.043,B,,False
00:00:36.002,00:33:32.043,B,,False
00:00:38.004,00:33:32.043,B,,False
00:00:40.006,00:33:32.043,B,,False
00:00:42.008,00:33:32.043,B,,False
00:00:44.010,00:33:32.043,B,,False
00:00:46.012,00:33:32.043,B,,False
00:00:48.014,00:33:32.043,B,,False
00:00:50.016,00:33:32.043,B,,False
00:00:52.018,00:33:32.043,B,,False
00:00:54.020,00:33:32.043,B,,False
00:00:56.022,00:33:32.043,B,,False
00:00:58.024,00:33:32.043,B,,False
00:01:00.026,00:33:32.043,-,,False
00:01:02.028,00:33:32.043,-,,False
00:01:04.030,00:33:32.043,-,,False
00:01:06.032,00:33:32.043,-,,False
00:01:08.001,00:33:32.043,-,,False
00:01:10.003,00:33:32.043,S,D,False
00:01:12.005,00:33:32.043,S,D,False
00:01:14.007,00:33:32.043,S,D,False
00:01:16.009,00:33:32.043,S,D,False
00:01:18.011,00:33:32.043,S,D,False
00:01:20.013,00:33:32.043,S,D,False
00:01:22.015,00:33:32.043,S,D,False
00:01:24.017,00:33:32.043,-,,False
00:01:26.019,00:33:32.043,-,,False
00:01:28.021,00:33:32.043,-,,False
00:01:30.023,00:33:32.043,-,,False
00:01:32.025,00:33:32.043,R,,False
00:01:34.027,00:33:32.043,R,,False
00:01:36.029,00:33:32.043,R,,False
00:01:38.031,00:33:32.043,-,,False
00:01:40.033,00:33:32.043,-,,False
00:01:42.001,00:33:32.043,L,,False
00:01:44.003,00:33:32.043,-,,False
00:01:46.005,00:33:32.043,P,,False
00:01:48.007,00:33:32.043,P,,False
00:01:50.009,00:33:32.043,P,,False
00:01:52.011,00:33:32.043,P,,False
00:01:54.013,00:33:32.043,P,,False
00:01:56.015,00:33:32.043,-,,False
00:01:58.017,00:33:32.043,-,,False
00:02:00.019,00:33:32.043,-,,False
00:02:02.021,00:33:32.043,-,,False
00:02:04.023,00:33:32.043,-,,False
00:02:06.025,00:33:32.043,-,,False
00:02:08.027,00:33:32.043,-,,False
00:02:10.029,00:33:32.043,-,,False
00:02:12.031,00:33:32.043,-,,False
00:02:14.000,00:33:32.043,-,,False
00:02:16.002,00:33:32.043,-,,False
00:02:18.004,00:33:32.043,-,,False
00:02:20.006,00:33:32.043,L,,False
00:02:22.008,00:33:32.043,L,,False
00:02:24.010,00:33:32.043,L,,False
00:02:26.012,00:33:32.043,L,,False
00:02:28.014,00:33:32.043,L,,False
00:02:30.016,00:33:32.043,L,,False
00:02:32.018,00:33:32.043,L,,False
00:02:34.020,00:33:32.043,-,,False
00:02:36.022,00:33:32.043,-,,False
00:02:38.024,00:33:32.043,-,,False
00:02:40.026,00:33:32.043,-,,False
00:02:42.028,00:33:32.043,-,,False
00:02:44.030,00:33:32.043,-,,False
00:02:46.032,00:33:32.043,-,,False
00:02:48.001,00:33:32.043,F,,False
00:02:50.003,00:33:32.043,-,,False
00:02:52.005,00:33:32.043,F,,False
00:02:54.007,00:33:32.043,O,,False
00:02:56.009,00:33:32.043,O,,False
00:02:58.011,00:33:32.043,O,,False
00:03:00.013,00:33:32.043,O,,False
00:03:02.015,00:33:32.043,-,,False
00:03:04.017,00:33:32.043,M,,False
00:03:06.019,00:33:32.043,M,,False
00:03:08.021,00:33:32.043,M,,False
00:03:10.023,00:33:32.043,-,,False
00:03:12.025,00:33:32.043,-,,False
00:03:14.027,00:33:32.043,P,,False
00:03:16.029,00:33:32.043,P,,False
00:03:18.031,00:33:32.043,P,,False
00:03:20.033,00:33:32.043,P,,False
00:03:22.001,00:33:32.043,P,,False
00:03:24.003,00:33:32.043,P,,False
00:03:26.005,00:33:32.043,P,,False
00:03:28.007,00:33:32.043,I,,True
00:03:30.009,00:33:32.043,I,,False
00:03:32.011,00:33:32.043,I,,False
00:03:34.013,00:33:32.043,P,,False
00:03:36.015,00:33:32.043,P,,False
00:03:38.017,00:33:32.043,P,,False
00:03:40.019,00:33:32.043,P,,False
00:03:42.021,00:33:32.043,P,,False
00:03:44.023,00:33:32.043,P,,False
00:03:46.025,00:33:32.043,I,,False
00:03:48.027,00:33:32.043,I,,False
00:03:50.029,00:33:32.043,I,,False
00:03:52.031,00:33:32.043,P,,False
00:03:54.000,00:33:32.043,-,,False
00:03:56.002,00:33:32.043,G,,False
00:03:58.004,00:33:32.043,G,,False
00:04:00.006,00:33:32.043,G,,False
00:04:02.008,00:33:32.043,-,,False
00:04:04.010,00:33:32.043,-,,False
00:04:06.012,00:33:32.043,-,,False
00:04:08.014,00:33:32.043,I,,False
00:04:10.016,00:33:32.043,I,,False
00:04:12.018,00:33:32.043,P,,False
00:04:14.020,00:33:32.043,P,,False
00:04:16.022,00:33:32.043,-,,False
00:04:18.024,00:33:32.043,-,,False
00:04:20.026,00:33:32.043,-,,False
00:04:22.028,00:33:32.043,-,,False
00:04:24.030,00:33:32.043,-,,False
00:04:26.032,00:33:32.043,I,,True
00:04:28.001,00:33:32.043,I,,False
00:04:30.003,00:33:32.043,P,,False
00:04:32.005,00:33:32.043,P,,False
00:04:34.007,00:33:32.043,-,,False
00:04:36.009,00:33:32.043,-,,False
00:04:38.011,00:33:32.043,-,,False
00:04:40.013,00:33:32.043,-,,False
00:04:42.015,00:33:32.043,-,,False
00:04:44.017,00:33:32.043,P,,False
00:04:46.019,00:33:32.043,I,,False
00:04:48.021,00:33:32.043,P,,False
00:04:50.023,00:33:32.043,P,,False
00:04:52.025,00:33:32.043,P,,False
00:04:54.027,00:33:32.043,-,,False
00:04:56.029,00:33:32.043,-,,False
00:04:58.031,00:33:32.043,-,,False
00:05:00.033,00:33:32.043,-,,False
00:05:02.001,00:33:32.043,P,,False
00:05:04.003,00:33:32.043,-,,False
00:05:06.005,00:33:32.043,-,,False
00:05:08.007,00:33:32.043,-,,False
00:05:10.009,00:33:32.043,P,,False
00:05:12.011,00:33:32.043,-,,False
00:05:14.013,00:33:32.043,-,,False
00:05:16.015,00:33:32.043,P,,False
00:05:18.017,00:33:32.043,P,,False
00:05:20.019,00:33:32.043,P,,False
00:05:22.021,00:33:32.043,P,,False
00:05:24.023,00:33:32.043,P,,False
00:05:26.025,00:33:32.043,P,,False
00:05:28.027,00:33:32.043,P,,False
00:05:30.029,00:33:32.043,P,,False
00:05:32.031,00:33:32.043,-,,False
00:05:34.000,00:33:32.043,-,,False
00:05:36.002,00:33:32.043,G,,False
00:05:38.004,00:33:32.043,G,,False
00:05:40.006,00:33:32.043,-,,False
00:05:42.008,00:33:32.043,P,,False
00:05:44.010,00:33:32.043,P,,False
00:05:46.012,00:33:32.043,P,,False
00:05:48.014,00:33:32.043,P,,False
00:05:50.016,00:33:32.043,P,,False
00:05:52.018,00:33:32.043,P,,False
00:05:54.020,00:33:32.043,P,,False
00:05:56.022,00:33:32.043,P,,False
00:05:58.024,00:33:32.043,P,,False
00:06:00.026,00:33:32.043,-,,False
00:06:02.028,00:33:32.043,-,,False
00:06:04.030,00:33:32.043,-,,False
00:06:06.032,00:33:32.043,-,,False
00:06:08.000,00:33:32.043,-,,False
00:06:10.002,00:33:32.043,-,,False
00:06:12.004,00:33:32.043,-,,False
00:06:14.006,00:33:32.043,P,,False
00:06:16.008,00:33:32.043,P,,False
00:06:18.010,00:33:32.043,P,,False
00:06:20.012,00:33:32.043,P,,False
00:06:22.014,00:33:32.043,P,,False
00:06:24.016,00:33:32.043,-,,False
00:06:26.018,00:33:32.043,-,,False
00:06:28.020,00:33:32.043,I,,False
00:06:30.022,00:33:32.043,I,,False
00:06:32.024,00:33:32.043,I,,False
00:06:34.026,00:33:32.043,P,,False
00:06:36.028,00:33:32.043,P,,False
00:06:38.030,00:33:32.043,P,,False
00:06:40.032,00:33:32.043,P,,False
00:06:42.001,00:33:32.043,P,,False
00:06:44.003,00:33:32.043,-,,False
00:06:46.005,00:33:32.043,-,,False
00:06:48.007,00:33:32.043,-,,False
00:06:50.009,00:33:32.043,P,,False
00:06:52.011,00:33:32.043,-,,False
00:06:54.013,00:33:32.043,-,,False
00:06:56.015,00:33:32.043,-,,False
00:06:58.017,00:33:32.043,P,,False
00:07:00.019,00:33:32.043,P,,False
00:07:02.021,00:33:32.043,P,,False
00:07:04.023,00:33:32.043,P,,False
00:07:06.025,00:33:32.043,P,,False
00:07:08.027,00:33:32.043,P,,False
00:07:10.029,00:33:32.043,P,,False
00:07:12.031,00:33:32.043,P,,False
00:07:14.000,00:33:32.043,P,,False
00:07:16.002,00:33:32.043,P,,False
00:07:18.004,00:33:32.043,P,,False
00:07:20.006,00:33:32.043,P,,False
00:07:22.008,00:33:32.043,P,,False
00:07:24.010,00:33:32.043,P,,False
00:07:26.012,00:33:32.043,-,,False
00:07:28.014,00:33:32.043,-,,False
00:07:30.016,00:33:32.043,I,,False
00:07:32.018,00:33:32.043,P,,True
00:07:34.020,00:33:32.043,P,,False
00:07:36.022,00:33:32.043,P,,False
00:07:38.024,00:33:32.043,-,,False
00:07:40.026,00:33:32.043,-,,False
00:07:42.028,00:33:32.043,G,,False
00:07:44.030,00:33:32.043,G,,False
00:07:46.032,00:33:32.043,G,,False
00:07:48.000,00:33:32.043,G,,False
00:07:50.002,00:33:32.043,-,,False
00:07:52.004,00:33:32.043,-,,False
00:07:54.006,00:33:32.043,-,,False
00:07:56.008,00:33:32.043,-,,False
00:07:58.010,00:33:32.043,P,,False
00:08:00.012,00:33:32.043,P,,False
00:08:02.014,00:33:32.043,P,,False
00:08:04.016,00:33:32.043,P,,False
00:08:06.018,00:33:32.043,P,,False
00:08:08.020,00:33:32.043,P,,False
00:08:10.022,00:33:32.043,P,,False
00:08:12.024,00:33:32.043,P,,False
00:08:14.026,00:33:32.043,P,,False
00:08:16.028,00:33:32.043,P,,False
00:08:18.030,00:33:32.043,P,,False
00:08:20.032,00:33:32.043,P,,False
00:08:22.001,00:33:32.043,P,,False
00:08:24.003,00:33:32.043,P,,False
00:08:26.005,00:33:32.043,P,,False
00:08:28.007,00:33:32.043,P,,False
00:08:30.009,00:33:32.043,P,,False
00:08:32.011,00:33:32.043,P,,False
00:08:34.013,00:33:32.043,P,,False
00:08:36.015,00:33:32.043,P,,False
00:08:38.017,00:33:32.043,P,,False
00:08:40.019,00:33:32.043,P,,False
00:08:42.021,00:33:32.043,P,,False
00:08:44.023,00:33:32.043,P,,False
00:08:46.025,00:33:32.043,P,,False
00:08:48.027,00:33:32.043,P,,False
00:08:50.029,00:33:32.043,P,,False
00:08:52.031,00:33:32.043,P,,False
00:08:54.000,00:33:32.043,P,,False
00:08:56.002,00:33:32.043,P,,False
00:08:58.004,00:33:32.043,P,,False
00:09:00.006,00:33:32.043,P,,False
00:09:02.008,00:33:32.043,P,,False
00:09:04.010,00:33:32.043,P,,False
00:09:06.012,00:33:32.043,P,,False
00:09:08.014,00:33:32.043,P,,False
00:09:10.016,00:33:32.043,P,,False
00:09:12.018,00:33:32.043,I,,True
00:09:14.020,00:33:32.043,I,,False
00:09:16.022,00:33:32.043,I,,False
00:09:18.024,00:33:32.043,I,,False
00:09:20.026,00:33:32.043,P,,False
00:09:22.028,00:33:32.043,P,,False
00:09:24.030,00:33:32.043,P,,False
00:09:26.032,00:33:32.043,P,,False
00:09:28.000,00:33:32.043,P,,False
00:09:30.002,00:33:32.043,P,,False
00:09:32.004,00:33:32.043,P,,False
00:09:34.006,00:33:32.043,P,,False
00:09:36.008,00:33:32.043,P,,False
00:09:38.010,00:33:32.043,P,,False
00:09:40.012,00:33:32.043,P,,False
00:09:42.014,00:33:32.043,P,,False
00:09:44.016,00:33:32.043,P,,False
00:09:46.018,00:33:32.043,I,,False
00:09:48.020,00:33:32.043,I,,False
00:09:50.022,00:33:32.043,I,,False
00:09:52.024,00:33:32.043,I,,False
00:09:54.026,00:33:32.043,P,,False
00:09:56.028,00:33:32.043,P,,False
00:09:58.030,00:33:32.043,P,,False
00:10:00.032,00:33:32.043,P,,False
00:10:02.001,00:33:32.043,P,,False
00:10:04.003,00:33:32.043,P,,False
00:10:06.005,00:33:32.043,P,,False
00:10:08.007,00:33:32.043,P,,False
00:10:10.009,00:33:32.043,P,,False
00:10:12.011,00:33:32.043,P,,False
00:10:14.013,00:33:32.043,P,,False
00:10:16.015,00:33:32.043,P,,False
00:10:18.017,00:33:32.043,P,,False
00:10:20.019,00:33:32.043,P,,False
00:10:22.021,00:33:32.043,P,,False
00:10:24.023,00:33:32.043,P,,False
00:10:26.025,00:33:32.043,P,,False
00:10:28.027,00:33:32.043,P,,False
00:10:30.029,00:33:32.043,P,,False
00:10:32.031,00:33:32.043,P,,False
00:10:34.000,00:33:32.043,P,,False
00:10:36.002,00:33:32.043,P,,False
00:10:38.004,00:33:32.043,P,,False
00:10:40.006,00:33:32.043,P,,False
00:10:42.008,00:33:32.043,P,,False
00:10:44.010,00:33:32.043,P,,False
00:10:46.012,00:33:32.043,P,,False
00:10:48.014,00:33:32.043,P,,False
00:10:50.016,00:33:32.043,P,,False
00:10:52.018,00:33:32.043,P,,False
00:10:54.020,00:33:32.043,P,,False
00:10:56.022,00:33:32.043,P,,False
00:10:58.024,00:33:32.043,P,,False
00:11:00.026,00:33:32.043,P,,False
00:11:02.028,00:33:32.043,P,,False
00:11:04.030,00:33:32.043,P,,False
00:11:06.032,00:33:32.043,P,,False
00:11:08.000,00:33:32.043,P,,False
00:11:10.002,00:33:32.043,I,,False
00:11:12.004,00:33:32.043,I,,False
00:11:14.006,00:33:32.043,I,,False
00:11:16.008,00:33:32.043,P,,True
00:11:18.010,00:33:32.043,P,,False
00:11:20.012,00:33:32.043,P,,False
00:11:22.014,00:33:32.043,P,,False
00:11:24.016,00:33:32.043,P,,False
00:11:26.018,00:33:32.043,P,,False
00:11:28.020,00:33:32.043,P,,False
00:11:30.022,00:33:32.043,P,,False
00:11:32.024,00:33:32.043,P,,False
00:11:34.026,00:33:32.043,P,,False
00:11:36.028,00:33:32.043,P,,False
00:11:38.030,00:33:32.043,P,,False
00:11:40.032,00:33:32.043,P,,False
00:11:42.001,00:33:32.043,P,,False
00:11:44.003,00:33:32.043,P,,False
00:11:46.005,00:33:32.043,P,,False
00:11:48.007,00:33:32.043,-,,False
00:11:50.009,00:33:32.043,P,,False
00:11:52.011,00:33:32.043,P,,False
00:11:54.013,00:33:32.043,P,,False
00:11:56.015,00:33:32.043,P,,False
00:11:58.017,00:33:32.043,P,,False
00:12:00.019,00:33:32.043,P,,False
00:12:02.021,00:33:32.043,P,,False
00:12:04.023,00:33:32.043,P,,False
00:12:06.025,00:33:32.043,P,,False
00:12:08.027,00:33:32.043,P,,False
00:12:10.029,00:33:32.043,P,,False
00:12:12.031,00:33:32.043,P,,False
00:12:14.033,00:33:32.043,P,,False
00:12:16.001,00:33:32.043,P,,False
00:12:18.003,00:33:32.043,P,,False
00:12:20.005,00:33:32.043,P,,False
00:12:22.007,00:33:32.043,P,,False
00:12:24.009,00:33:32.043,P,,False
00:12:26.011,00:33:32.043,P,,False
00:12:28.013,00:33:32.043,P,,False
00:12:30.015,00:33:32.043,P,,False
00:12:32.017,00:33:32.043,P,,False
00:12:34.019,00:33:32.043,P,,False
00:12:36.021,00:33:32.043,P,,False
00:12:38.023,00:33:32.043,P,,False
00:12:40.025,00:33:32.043,I,,True
00:12:42.027,00:33:32.043,I,,False
00:12:44.029,00:33:32.043,I,,False
00:12:46.031,00:33:32.043,I,,False
00:12:48.000,00:33:32.043,P,,False
00:12:50.002,00:33:32.043,P,,False
00:12:52.004,00:33:32.043,P,,False
00:12:54.006,00:33:32.043,P,,False
00:12:56.008,00:33:32.043,P,,False
00:12:58.010,00:33:32.043,P,,False
00:13:00.012,00:33:32.043,P,,False
00:13:02.014,00:33:32.043,P,,False
00:13:04.016,00:33:32.043,P,,False
00:13:06.018,00:33:32.043,P,,False
00:13:08.020,00:33:32.043,P,,False
00:13:10.022,00:33:32.043,P,,False
00:13:12.024,00:33:32.043,P,,False
00:13:14.026,00:33:32.043,P,,False
00:13:16.028,00:33:32.043,P,,False
00:13:18.030,00:33:32.043,P,,False
00:13:20.032,00:33:32.043,P,,False
00:13:22.001,00:33:32.043,P,,False
00:13:24.003,00:33:32.043,P,,False
00:13:26.005,00:33:32.043,P,,False
00:13:28.007,00:33:32.043,P,,False
00:13:30.009,00:33:32.043,P,,False
00:13:32.011,00:33:32.043,P,,False
00:13:34.013,00:33:32.043,P,,False
00:13:36.015,00:33:32.043,P,,False
00:13:38.017,00:33:32.043,P,,False
00:13:40.019,00:33:32.043,P,,False
00:13:42.021,00:33:32.043,P,,False
00:13:44.023,00:33:32.043,P,,False
00:13:46.025,00:33:32.043,P,,False
00:13:48.027,00:33:32.043,P,,False
00:13:50.029,00:33:32.043,P,,False
00:13:52.031,00:33:32.043,P,,False
00:13:54.033,00:33:32.043,P,,False
00:13:56.001,00:33:32.043,P,,False
00:13:58.003,00:33:32.043,P,,False
00:14:00.005,00:33:32.043,P,,False
00:14:02.007,00:33:32.043,P,,False
00:14:04.009,00:33:32.043,P,,False
00:14:06.011,00:33:32.043,P,,False
00:14:08.013,00:33:32.043,P,,False
00:14:10.015,00:33:32.043,P,,False
00:14:12.017,00:33:32.043,P,,False
00:14:14.019,00:33:32.043,P,,False
00:14:16.021,00:33:32.043,P,,False
00:14:18.023,00:33:32.043,P,,False
00:14:20.025,00:33:32.043,P,,False
00:14:22.027,00:33:32.043,P,,False
00:14:24.029,00:33:32.043,P,,False
00:14:26.031,00:33:32.043,P,,False
00:14:28.000,00:33:32.043,P,,False
00:14:30.002,00:33:32.043,P,,False
00:14:32.004,00:33:32.043,P,,False
00:14:34.006,00:33:32.043,P,,False
00:14:36.008,00:33:32.043,P,,False
00:14:38.010,00:33:32.043,P,,False
00:14:40.012,00:33:32.043,P,,False
00:14:42.014,00:33:32.043,P,,False
00:14:44.016,00:33:32.043,P,,False
00:14:46.018,00:33:32.043,P,,False
00:14:48.020,00:33:32.043,P,,False
00:14:50.022,00:33:32.043,P,,False
00:14:52.024,00:33:32.043,P,,False
00:14:54.026,00:33:32.043,P,,False
00:14:56.028,00:33:32.043,P,,False
00:14:58.030,00:33:32.043,I,,False
00:15:00.032,00:33:32.043,I,,False
00:15:02.001,00:33:32.043,I,,False
00:15:04.003,00:33:32.043,I,,False
00:15:06.005,00:33:32.043,I,,False
00:15:08.007,00:33:32.043,P,,False
00:15:10.009,00:33:32.043,P,,False
00:15:12.011,00:33:32.043,P,,False
00:15:14.013,00:33:32.043,P,,False
00:15:16.015,00:33:32.043,P,,False
00:15:18.017,00:33:32.043,P,,False
00:15:20.019,00:33:32.043,-,,False
00:15:22.021,00:33:32.043,P,,False
00:15:24.023,00:33:32.043,P,,False
00:15:26.025,00:33:32.043,P,,False
00:15:28.027,00:33:32.043,P,,False
00:15:30.029,00:33:32.043,P,,False
00:15:32.031,00:33:32.043,P,,False
00:15:34.033,00:33:32.043,P,,False
00:15:36.001,00:33:32.043,P,,False
00:15:38.003,00:33:32.043,P,,False
00:15:40.005,00:33:32.043,P,,False
00:15:42.007,00:33:32.043,P,,False
00:15:44.009,00:33:32.043,P,,False
00:15:46.011,00:33:32.043,P,,False
00:15:48.013,00:33:32.043,P,,False
00:15:50.015,00:33:32.043,P,,False
00:15:52.017,00:33:32.043,P,,False
00:15:54.019,00:33:32.043,P,,False
00:15:56.021,00:33:32.043,P,,False
00:15:58.023,00:33:32.043,P,,False
00:16:00.025,00:33:32.043,P,,False
00:16:02.027,00:33:32.043,P,,False
00:16:04.029,00:33:32.043,P,,False
00:16:06.031,00:33:32.043,P,,False
00:16:08.000,00:33:32.043,P,,False
00:16:10.002,00:33:32.043,P,,False
00:16:12.004,00:33:32.043,P,,False
00:16:14.006,00:33:32.043,P,,False
00:16:16.008,00:33:32.043,P,,False
00:16:18.010,00:33:32.043,P,,False
00:16:20.012,00:33:32.043,P,,False
00:16:22.014,00:33:32.043,P,,False
00:16:24.016,00:33:32.043,P,,False
00:16:26.018,00:33:32.043,P,,False
00:16:28.020,00:33:32.043,I,,True
00:16:30.022,00:33:32.043,I,,False
00:16:32.024,00:33:32.043,I,,False
00:16:34.026,00:33:32.043,I,,False
00:16:36.028,00:33:32.043,P,,False
00:16:38.030,00:33:32.043,P,,False
00:16:40.032,00:33:32.043,P,,False
00:16:42.001,00:33:32.043,P,,False
00:16:44.003,00:33:32.043,P,,False
00:16:46.005,00:33:32.043,P,,False
00:16:48.007,00:33:32.043,P,,False
00:16:50.009,00:33:32.043,P,,False
00:16:52.011,00:33:32.043,P,,False
00:16:54.013,00:33:32.043,P,,False
00:16:56.015,00:33:32.043,P,,False
00:16:58.017,00:33:32.043,P,,False
00:17:00.019,00:33:32.043,P,,False
00:17:02.021,00:33:32.043,P,,False
00:17:04.022,00:33:32.043,P,,False
00:17:06.025,00:33:32.043,P,,False
00:17:08.027,00:33:32.043,P,,False
00:17:10.029,00:33:32.043,P,,False
00:17:12.031,00:33:32.043,P,,False
00:17:14.032,00:33:32.043,P,,False
00:17:16.001,00:33:32.043,P,,False
00:17:18.003,00:33:32.043,P,,False
00:17:20.005,00:33:32.043,P,,False
00:17:22.007,00:33:32.043,P,,False
00:17:24.009,00:33:32.043,P,,False
00:17:26.011,00:33:32.043,P,,False
00:17:28.013,00:33:32.043,P,,False
00:17:30.015,00:33:32.043,P,,False
00:17:32.017,00:33:32.043,P,,False
00:17:34.019,00:33:32.043,P,,False
00:17:36.021,00:33:32.043,P,,False
00:17:38.023,00:33:32.043,P,,False
00:17:40.025,00:33:32.043,P,,False
00:17:42.027,00:33:32.043,P,,False
00:17:44.029,00:33:32.043,P,,False
00:17:46.031,00:33:32.043,P,,False
00:17:48.000,00:33:32.043,P,,False
00:17:50.002,00:33:32.043,P,,False
00:17:52.004,00:33:32.043,P,,False
00:17:54.006,00:33:32.043,P,,False
00:17:56.008,00:33:32.043,P,,False
00:17:58.010,00:33:32.043,P,,False
00:18:00.012,00:33:32.043,P,,False
00:18:02.014,00:33:32.043,P,,False
00:18:04.016,00:33:32.043,P,,False
00:18:06.018,00:33:32.043,P,,False
00:18:08.020,00:33:32.043,P,,False
00:18:10.022,00:33:32.043,P,,False
00:18:12.024,00:33:32.043,P,,False
00:18:14.026,00:33:32.043,P,,False
00:18:16.028,00:33:32.043,P,,False
00:18:18.030,00:33:32.043,P,,False
00:18:20.032,00:33:32.043,P,,False
00:18:22.000,00:33:32.043,P,,False
00:18:24.002,00:33:32.043,P,,False
00:18:26.004,00:33:32.043,P,,False
00:18:28.006,00:33:32.043,P,,False
00:18:30.008,00:33:32.043,P,,False
00:18:32.010,00:33:32.043,P,,False
00:18:34.012,00:33:32.043,P,,False
00:18:36.014,00:33:32.043,P,,False
00:18:38.016,00:33:32.043,-,,False
00:18:40.018,00:33:32.043,P,,False
00:18:42.020,00:33:32.043,P,,False
00:18:44.022,00:33:32.043,P,,False
00:18:46.024,00:33:32.043,P,,False
00:18:48.026,00:33:32.043,P,,False
00:18:50.028,00:33:32.043,P,,False
00:18:52.030,00:33:32.043,P,,False
00:18:54.032,00:33:32.043,-,,False
00:18:56.001,00:33:32.043,-,,False
00:18:58.003,00:33:32.043,P,,False
00:19:00.005,00:33:32.043,P,,False
00:19:02.007,00:33:32.043,P,,False
00:19:04.009,00:33:32.043,P,,False
00:19:06.011,00:33:32.043,P,,False
00:19:08.013,00:33:32.043,P,,False
00:19:10.015,00:33:32.043,P,,False
00:19:12.017,00:33:32.043,P,,False
00:19:14.019,00:33:32.043,P,,False
00:19:16.021,00:33:32.043,P,,False
00:19:18.023,00:33:32.043,P,,False
00:19:20.025,00:33:32.043,P,,False
00:19:22.027,00:33:32.043,P,,False
00:19:24.029,00:33:32.043,P,,False
00:19:26.031,00:33:32.043,P,,False
00:19:28.000,00:33:32.043,P,,False
00:19:30.002,00:33:32.043,P,,False
00:19:32.004,00:33:32.043,P,,False
00:19:34.006,00:33:32.043,P,,False
00:19:36.008,00:33:32.043,P,,False
00:19:38.010,00:33:32.043,P,,False
00:19:40.012,00:33:32.043,P,,False
00:19:42.014,00:33:32.043,P,,False
00:19:44.016,00:33:32.043,P,,False
00:19:46.018,00:33:32.043,P,,False
00:19:48.020,00:33:32.043,P,,False
00:19:50.022,00:33:32.043,P,,False
00:19:52.024,00:33:32.043,P,,False
00:19:54.026,00:33:32.043,I,,False
00:19:56.028,00:33:32.043,I,,False
00:19:58.030,00:33:32.043,I,,False
00:20:00.032,00:33:32.043,I,,False
00:20:02.000,00:33:32.043,I,,False
00:20:04.002,00:33:32.043,P,,False
00:20:06.004,00:33:32.043,P,,False
00:20:08.006,00:33:32.043,P,,False
00:20:10.008,00:33:32.043,P,,False
00:20:12.010,00:33:32.043,P,,False
00:20:14.012,00:33:32.043,P,,False
00:20:16.014,00:33:32.043,P,,False
00:20:18.016,00:33:32.043,P,,False
00:20:20.018,00:33:32.043,P,,False
00:20:22.020,00:33:32.043,P,,False
00:20:24.022,00:33:32.043,P,,False
00:20:26.024,00:33:32.043,P,,False
00:20:28.026,00:33:32.043,P,,False
00:20:30.028,00:33:32.043,P,,False
00:20:32.030,00:33:32.043,P,,False
00:20:34.032,00:33:32.043,P,,False
00:20:36.001,00:33:32.043,P,,False
00:20:38.003,00:33:32.043,P,,False
00:20:40.005,00:33:32.043,P,,False
00:20:42.007,00:33:32.043,P,,False
00:20:44.009,00:33:32.043,P,,False
00:20:46.011,00:33:32.043,P,,False
00:20:48.013,00:33:32.043,P,,False
00:20:50.015,00:33:32.043,P,,False
00:20:52.017,00:33:32.043,P,,False
00:20:54.019,00:33:32.043,P,,False
00:20:56.021,00:33:32.043,P,,False
00:20:58.023,00:33:32.043,I,,False
00:21:00.025,00:33:32.043,I,,False
00:21:02.027,00:33:32.043,I,,False
00:21:04.029,00:33:32.043,P,,False
00:21:06.031,00:33:32.043,P,,False
00:21:08.000,00:33:32.043,P,,False
00:21:10.002,00:33:32.043,P,,False
00:21:12.004,00:33:32.043,P,,False
00:21:14.006,00:33:32.043,P,,False
00:21:16.008,00:33:32.043,P,,False
00:21:18.010,00:33:32.043,P,,False
00:21:20.012,00:33:32.043,P,,False
00:21:22.014,00:33:32.043,P,,False
00:21:24.016,00:33:32.043,P,,False
00:21:26.018,00:33:32.043,P,,False
00:21:28.020,00:33:32.043,P,,False
00:21:30.022,00:33:32.043,P,,False
00:21:32.024,00:33:32.043,P,,False
00:21:34.026,00:33:32.043,P,,False
00:21:36.028,00:33:32.043,P,,False
00:21:38.030,00:33:32.043,P,,False
00:21:40.032,00:33:32.043,P,,False
00:21:42.000,00:33:32.043,P,,False
00:21:44.002,00:33:32.043,P,,False
00:21:46.004,00:33:32.043,P,,False
00:21:48.006,00:33:32.043,P,,False
00:21:50.008,00:33:32.043,P,,False
00:21:52.010,00:33:32.043,P,,False
00:21:54.012,00:33:32.043,P,,False
00:21:56.014,00:33:32.043,P,,False
00:21:58.016,00:33:32.043,P,,False
00:22:00.018,00:33:32.043,P,,False
00:22:02.020,00:33:32.043,P,,False
00:22:04.022,00:33:32.043,P,,False
00:22:06.024,00:33:32.043,P,,False
00:22:08.026,00:33:32.043,P,,False
00:22:10.028,00:33:32.043,P,,False
00:22:12.030,00:33:32.043,P,,False
00:22:14.032,00:33:32.043,P,,False
00:22:16.001,00:33:32.043,P,,False
00:22:18.003,00:33:32.043,P,,False
00:22:20.005,00:33:32.043,P,,False
00:22:22.007,00:33:32.043,P,,False
00:22:24.009,00:33:32.043,P,,False
00:22:26.011,00:33:32.043,P,,False
00:22:28.013,00:33:32.043,P,,False
00:22:30.015,00:33:32.043,P,,False
00:22:32.017,00:33:32.043,P,,False
00:22:34.019,00:33:32.043,P,,False
00:22:36.021,00:33:32.043,-,,False
00:22:38.023,00:33:32.043,-,,False
00:22:40.025,00:33:32.043,P,,False
00:22:42.027,00:33:32.043,P,,False
00:22:44.029,00:33:32.043,P,,False
00:22:46.031,00:33:32.043,P,,False
00:22:48.033,00:33:32.043,P,,False
00:22:50.001,00:33:32.043,P,,False
00:22:52.003,00:33:32.043,P,,False
00:22:54.005,00:33:32.043,P,,False
00:22:56.007,00:33:32.043,P,,False
00:22:58.009,00:33:32.043,P,,False
00:23:00.011,00:33:32.043,P,,False
00:23:02.013,00:33:32.043,P,,False
00:23:04.015,00:33:32.043,P,,False
00:23:06.017,00:33:32.043,P,,False
00:23:08.019,00:33:32.043,I,,False
00:23:10.021,00:33:32.043,I,,False
00:23:12.023,00:33:32.043,I,,False
00:23:14.025,00:33:32.043,I,,False
00:23:16.027,00:33:32.043,P,,False
00:23:18.029,00:33:32.043,P,,False
00:23:20.031,00:33:32.043,P,,False
00:23:22.000,00:33:32.043,P,,False
00:23:24.002,00:33:32.043,P,,False
00:23:26.004,00:33:32.043,P,,False
00:23:28.006,00:33:32.043,P,,False
00:23:30.008,00:33:32.043,P,,False
00:23:32.010,00:33:32.043,P,,False
00:23:34.012,00:33:32.043,P,,False
00:23:36.014,00:33:32.043,P,,False
00:23:38.016,00:33:32.043,P,,False
00:23:40.018,00:33:32.043,P,,False
00:23:42.020,00:33:32.043,P,,False
00:23:44.022,00:33:32.043,P,,False
00:23:46.024,00:33:32.043,P,,False
00:23:48.026,00:33:32.043,P,,False
00:23:50.028,00:33:32.043,I,,True
00:23:52.030,00:33:32.043,I,,False
00:23:54.032,00:33:32.043,I,,False
00:23:56.001,00:33:32.043,I,,False
00:23:58.003,00:33:32.043,P,,False
00:24:00.005,00:33:32.043,P,,False
00:24:02.007,00:33:32.043,P,,False
00:24:04.009,00:33:32.043,P,,False
00:24:06.011,00:33:32.043,P,,False
00:24:08.013,00:33:32.043,P,,False
00:24:10.015,00:33:32.043,P,,False
00:24:12.017,00:33:32.043,P,,False
00:24:14.019,00:33:32.043,P,,False
00:24:16.021,00:33:32.043,P,,False
00:24:18.023,00:33:32.043,P,,False
00:24:20.025,00:33:32.043,P,,False
00:24:22.027,00:33:32.043,P,,False
00:24:24.029,00:33:32.043,P,,False
00:24:26.031,00:33:32.043,P,,False
00:24:28.033,00:33:32.043,P,,False
00:24:30.001,00:33:32.043,P,,False
00:24:32.003,00:33:32.043,P,,False
00:24:34.005,00:33:32.043,P,,False
00:24:36.007,00:33:32.043,P,,False
00:24:38.009,00:33:32.043,P,,False
00:24:40.011,00:33:32.043,P,,False
00:24:42.013,00:33:32.043,P,,False
00:24:44.015,00:33:32.043,P,,False
00:24:46.017,00:33:32.043,P,,False
00:24:48.019,00:33:32.043,P,,False
00:24:50.021,00:33:32.043,P,,False
00:24:52.023,00:33:32.043,P,,False
00:24:54.025,00:33:32.043,P,,False
00:24:56.027,00:33:32.043,P,,False
00:24:58.029,00:33:32.043,P,,False
00:25:00.031,00:33:32.043,P,,False
00:25:02.000,00:33:32.043,P,,False
00:25:04.002,00:33:32.043,P,,False
00:25:06.004,00:33:32.043,P,,False
00:25:08.006,00:33:32.043,P,,False
00:25:10.008,00:33:32.043,P,,False
00:25:12.010,00:33:32.043,P,,False
00:25:14.012,00:33:32.043,P,,False
00:25:16.014,00:33:32.043,P,,False
00:25:18.016,00:33:32.043,P,,False
00:25:20.018,00:33:32.043,P,,False
00:25:22.020,00:33:32.043,P,,False
00:25:24.022,00:33:32.043,P,,False
00:25:26.024,00:33:32.043,P,,False
00:25:28.026,00:33:32.043,P,,False
00:25:30.028,00:33:32.043,P,,False
00:25:32.030,00:33:32.043,P,,False
00:25:34.032,00:33:32.043,P,,False
00:25:36.001,00:33:32.043,P,,False
00:25:38.003,00:33:32.043,P,,False
00:25:40.005,00:33:32.043,P,,False
00:25:42.007,00:33:32.043,P,,False
00:25:44.009,00:33:32.043,P,,False
00:25:46.011,00:33:32.043,P,,False
00:25:48.013,00:33:32.043,P,,False
00:25:50.015,00:33:32.043,P,,False
00:25:52.017,00:33:32.043,P,,False
00:25:54.019,00:33:32.043,P,,False
00:25:56.021,00:33:32.043,P,,False
00:25:58.023,00:33:32.043,P,,False
00:26:00.025,00:33:32.043,P,,False
00:26:02.027,00:33:32.043,P,,False
00:26:04.029,00:33:32.043,P,,False
00:26:06.031,00:33:32.043,P,,False
00:26:08.033,00:33:32.043,P,,False
00:26:10.001,00:33:32.043,P,,False
00:26:12.003,00:33:32.043,P,,False
00:26:14.005,00:33:32.043,P,,False
00:26:16.007,00:33:32.043,P,,False
00:26:18.009,00:33:32.043,P,,False
00:26:20.011,00:33:32.043,P,,False
00:26:22.013,00:33:32.043,P,,False
00:26:24.015,00:33:32.043,P,,False
00:26:26.017,00:33:32.043,P,,False
00:26:28.019,00:33:32.043,P,,False
00:26:30.021,00:33:32.043,P,,False
00:26:32.023,00:33:32.043,P,,False
00:26:34.025,00:33:32.043,-,,False
00:26:36.027,00:33:32.043,C,,False
00:26:38.029,00:33:32.043,C,,False
00:26:40.031,00:33:32.043,C,,False
00:26:42.000,00:33:32.043,C,,False
00:26:44.002,00:33:32.043,C,,False
00:26:46.004,00:33:32.043,C,,False
00:26:48.006,00:33:32.043,-,,False
00:26:50.008,00:33:32.043,P,,False
00:26:52.010,00:33:32.043,P,,False
00:26:54.012,00:33:32.043,C,,False
00:26:56.014,00:33:32.043,C,,False
00:26:58.016,00:33:32.043,C,,False
00:27:00.018,00:33:32.043,C,,False
00:27:02.020,00:33:32.043,C,,False
00:27:04.022,00:33:32.043,C,,False
00:27:06.024,00:33:32.043,C,,False
00:27:08.026,00:33:32.043,C,,False
00:27:10.028,00:33:32.043,C,,False
00:27:12.030,00:33:32.043,C,,False
00:27:14.032,00:33:32.043,C,,False
00:27:16.001,00:33:32.043,C,,False
00:27:18.003,00:33:32.043,C,,False
00:27:20.005,00:33:32.043,C,,False
00:27:22.007,00:33:32.043,C,,False
00:27:24.009,00:33:32.043,C,,False
00:27:26.011,00:33:32.043,E,,False
00:27:28.013,00:33:32.043,P,,False
00:27:30.015,00:33:32.043,P,,False
00:27:32.017,00:33:32.043,P,,False
00:27:34.019,00:33:32.043,P,,False
00:27:36.021,00:33:32.043,P,,False
00:27:38.023,00:33:32.043,-,,False
00:27:40.025,00:33:32.043,C,,False
00:27:42.027,00:33:32.043,C,,False
00:27:44.029,00:33:32.043,C,,False
00:27:46.031,00:33:32.043,C,,False
00:27:48.033,00:33:32.043,R,,False
00:27:50.001,00:33:32.043,R,,False
00:27:52.003,00:33:32.043,R,,False
00:27:54.005,00:33:32.043,R,,False
00:27:56.007,00:33:32.043,-,,False
00:27:58.009,00:33:32.043,M,,False
00:28:00.011,00:33:32.043,L,,False
00:28:02.013,00:33:32.043,L,,False
00:28:04.015,00:33:32.043,L,,False
00:28:06.017,00:33:32.043,L,,False
00:28:08.019,00:33:32.043,L,,False
00:28:10.021,00:33:32.043,L,,False
00:28:12.023,00:33:32.043,L,,False
00:28:14.025,00:33:32.043,L,,False
00:28:16.027,00:33:32.043,-,,False
00:28:18.029,00:33:32.043,-,,False
00:28:20.031,00:33:32.043,-,,False
00:28:22.000,00:33:32.043,-,,False
00:28:24.002,00:33:32.043,-,,False
00:28:26.004,00:33:32.043,-,,False
00:28:28.006,00:33:32.043,-,,False
00:28:30.008,00:33:32.043,-,,False
00:28:32.010,00:33:32.043,-,,False
00:28:34.012,00:33:32.043,-,,False
00:28:36.014,00:33:32.043,-,,False
00:28:38.016,00:33:32.043,-,,False
00:28:40.018,00:33:32.043,-,,False
00:28:42.020,00:33:32.043,-,,False
00:28:44.022,00:33:32.043,-,,False
00:28:46.024,00:33:32.043,-,,False
00:28:48.026,00:33:32.043,-,,False
00:28:50.028,00:33:32.043,-,,False
00:28:52.030,00:33:32.043,-,,False
00:28:54.032,00:33:32.043,-,,False
00:28:56.000,00:33:32.043,-,,False
00:28:58.002,00:33:32.043,-,,False
00:29:00.004,00:33:32.043,-,,False
00:29:02.006,00:33:32.043,-,,False
00:29:04.008,00:33:32.043,-,,False
00:29:06.010,00:33:32.043,-,,False
00:29:08.012,00:33:32.043,-,,False
00:29:10.014,00:33:32.043,-,,False
00:29:12.016,00:33:32.043,-,,False
00:29:14.018,00:33:32.043,-,,False
00:29:16.020,00:33:32.043,-,,False
00:29:18.022,00:33:32.043,-,,False
00:29:20.024,00:33:32.043,-,,False
00:29:22.026,00:33:32.043,-,,False
00:29:24.028,00:33:32.043,-,,False
00:29:26.030,00:33:32.043,-,,False
00:29:28.032,00:33:32.043,-,,False
00:29:30.001,00:33:32.043,-,,False
00:29:32.003,00:33:32.043,-,,False
00:29:34.005,00:33:32.043,-,,False
00:29:36.007,00:33:32.043,-,,False
00:29:38.009,00:33:32.043,-,,False
00:29:40.011,00:33:32.043,-,,False
00:29:42.013,00:33:32.043,-,,False
00:29:44.015,00:33:32.043,-,,False
00:29:46.017,00:33:32.043,-,,False
00:29:48.019,00:33:32.043,-,,False
00:29:50.021,00:33:32.043,-,,False
00:29:52.023,00:33:32.043,-,,False
00:29:54.025,00:33:32.043,-,,False
00:29:56.027,00:33:32.043,-,,False
00:29:58.029,00:33:32.043,-,,False
00:30:00.031,00:33:32.043,-,,False
00:30:02.000,00:33:32.043,-,,False
00:30:04.002,00:33:32.043,-,,False
00:30:06.004,00:33:32.043,-,,False
00:30:08.006,00:33:32.043,-,,False
00:30:10.008,00:33:32.043,-,,False
00:30:12.010,00:33:32.043,-,,False
00:30:14.012,00:33:32.043,-,,False
00:30:16.014,00:33:32.043,-,,False
00:30:18.016,00:33:32.043,-,,False
00:30:20.018,00:33:32.043,-,,False
00:30:22.020,00:33:32.043,-,,False
00:30:24.022,00:33:32.043,-,,False
00:30:26.024,00:33:32.043,-,,False
00:30:28.026,00:33:32.043,-,,False
00:30:30.028,00:33:32.043,-,,False
00:30:32.030,00:33:32.043,-,,False
00:30:34.032,00:33:32.043,-,,False
00:30:36.000,00:33:32.043,-,,False
00:30:38.002,00:33:32.043,-,,False
00:30:40.004,00:33:32.043,-,,False
00:30:42.006,00:33:32.043,-,,False
00:30:44.008,00:33:32.043,-,,False
00:30:46.010,00:33:32.043,-,,False
00:30:48.012,00:33:32.043,-,,False
00:30:50.014,00:33:32.043,-,,False
00:30:52.016,00:33:32.043,-,,False
00:30:54.018,00:33:32.043,-,,False
00:30:56.020,00:33:32.043,-,,False
00:30:58.022,00:33:32.043,-,,False
00:31:00.024,00:33:32.043,-,,False
00:31:02.026,00:33:32.043,-,,False
00:31:04.028,00:33:32.043,-,,False
00:31:06.030,00:33:32.043,-,,False
00:31:08.032,00:33:32.043,-,,False
00:31:10.001,00:33:32.043,-,,False
00:31:12.003,00:33:32.043,-,,False
00:31:14.005,00:33:32.043,-,,False
00:31:16.007,00:33:32.043,-,,False
00:31:18.009,00:33:32.043,-,,False
00:31:20.011,00:33:32.043,-,,False
00:31:22.013,00:33:32.043,-,,False
00:31:24.015,00:33:32.043,-,,False
00:31:26.017,00:33:32.043,-,,False
00:31:28.019,00:33:32.043,-,,False
00:31:30.021,00:33:32.043,-,,False
00:31:32.023,00:33:32.043,-,,False
00:31:34.025,00:33:32.043,-,,False
00:31:36.027,00:33:32.043,-,,False
00:31:38.029,00:33:32.043,-,,False
00:31:40.031,00:33:32.043,-,,False
00:31:42.000,00:33:32.043,-,,False
00:31:44.002,00:33:32.043,-,,False
00:31:46.004,00:33:32.043,-,,False
00:31:48.006,00:33:32.043,-,,False
00:31:50.008,00:33:32.043,-,,False
00:31:52.010,00:33:32.043,-,,False
00:31:54.012,00:33:32.043,-,,False
00:31:56.014,00:33:32.043,-,,False
00:31:58.016,00:33:32.043,-,,False
00:32:00.018,00:33:32.043,-,,False
00:32:02.020,00:33:32.043,-,,False
00:32:04.022,00:33:32.043,-,,False
00:32:06.024,00:33:32.043,-,,False
00:32:08.026,00:33:32.043,-,,False
00:32:10.028,00:33:32.043,-,,False
00:32:12.030,00:33:32.043,-,,False
00:32:14.032,00:33:32.043,-,,False
00:32:16.000,00:33:32.043,-,,False
00:32:18.002,00:33:32.043,-,,False
00:32:20.004,00:33:32.043,-,,False
00:32:22.006,00:33:32.043,-,,False
00:32:24.008,00:33:32.043,-,,False
00:32:26.010,00:33:32.043,-,,False
00:32:28.012,00:33:32.043,-,,False
00:32:30.014,00:33:32.043,-,,False
00:32:32.016,00:33:32.043,-,,False
00:32:34.018,00:33:32.043,-,,False
00:32:36.020,00:33:32.043,-,,False
00:32:38.022,00:33:32.043,-,,False
00:32:40.024,00:33:32.043,-,,False
00:32:42.026,00:33:32.043,-,,False
00:32:44.028,00:33:32.043,-,,False
00:32:46.030,00:33:32.043,-,,False
00:32:48.032,00:33:32.043,-,,False
00:32:50.001,00:33:32.043,-,,False
00:32:52.003,00:33:32.043,-,,False
00:32:54.005,00:33:32.043,-,,False
00:32:56.007,00:33:32.043,-,,False
00:32:58.009,00:33:32.043,-,,False
00:33:00.011,00:33:32.043,-,,False
00:33:02.013,00:33:32.043,-,,False
00:33:04.015,00:33:32.043,-,,False
00:33:06.017,00:33:32.043,-,,False
00:33:08.019,00:33:32.043,-,,False
00:33:10.021,00:33:32.043,-,,False
00:33:12.023,00:33:32.043,-,,False
00:33:14.025,00:33:32.043,-,,False
00:33:16.027,00:33:32.043,-,,False
00:33:18.029,00:33:32.043,-,,False
00:33:20.031,00:33:32.043,-,,False
00:33:22.000,00:33:32.043,-,,False
00:33:24.002,00:33:32.043,-,,False
00:33:26.004,00:33:32.043,-,,False
00:33:28.006,00:33:32.043,-,,False
00:33:30.008,00:33:32.043,-,,False
00:33:32.010,00:33:32.043,-,,False
